﻿<?xml version="1.0" encoding="utf-8"?>
<config>
  <settings>
    <preloader image="images/1.jpg" />
    <userInterface showZoomButtons="false" showToolTips="false" showHotspotsButton="false" showFullScreenButton="false" showTogglePlayButton="false" showArrows="false" toolbarAlign="center" toolbarBackColor="transparent" toolbarHoverColor="#808285" toolbarForeColor="#A7A9AE" toolbarBackAlpha="0" toolbarAlpha="1" showProgressNumbers="true" showFullScreenToolbar="false" fullScreenBackColor="#FFFFFF" toolbarPosition="0" customCursorClass="default_cursor" viewerHint="" toolbarAutohide="false" showToolbarOnLoadStart="false" />
    <control dragSpeed="0.35" doubleClickZooms="false" disableMouseControl="false" showHighresOnFullScreen="false" mouseHoverDrag="false" hideHotspotsOnLoad="false" hideHotspotsOnZoom="true" rowSensitivity="15" dragSensitivity="10" inBrowserFullScreen="false" doubleClickFullscreen="false" zoomSteps="1" zoomSpeed="300" singleClickZooms="false" pauseOnPreload="false" resumePreloadOnHover="false" mouseWheelDrag="false" mouseWheelDragZoomOnly="false" allowRotateInputInZoom="false" allowPanX="true" allowPanY="true" dragAcceleration="1" centerZoom="false" maxZoom="100" />
    <rotation firstImage="0" rotate="false" rotatePeriod="5" bounce="false" rotateDirection="-1" forceDirection="false" inertiaRelToDragSpeed="true" inertiaTimeToStop="700" inertiaMaxInterval="120" useInertia="true" flipHorizontalInput="true" flipVerticalInput="false" bounceRows="true" rowsOnSingleIndex="false" flipAxis="false" spinOnPageScroll="false" pageScrollFollow="false" pageScrollDelay="300" pageScrollPeriod="3" />
  </settings>
  <hotspots>
    <hotspot id="left-side" renderMode="0" indicatorImage="circ-cross-thin-blue.svg">
      <spotinfo clickAction="11" clickData="leftSideImage" />
    </hotspot>
  </hotspots>
  <images rows="1">
    <image src="images/1.jpg">
      <hotspot source="left-side" offsetX="572.6266" offsetY="259.0667" />
    </image>
    <image src="images/2.jpg">
      <hotspot source="left-side" offsetX="620.8666" offsetY="259.0667" />
    </image>
    <image src="images/3.jpg">
      <hotspot source="left-side" offsetX="670.8933" offsetY="259.0667" />
    </image>
    <image src="images/4.jpg">
      <hotspot source="left-side" offsetX="722.7067" offsetY="260.8533" />
    </image>
    <image src="images/5.jpg">
      <hotspot source="left-side" offsetX="753.08" offsetY="260.8533" />
    </image>
    <image src="images/6.jpg" />
    <image src="images/7.jpg" />
    <image src="images/8.jpg" />
    <image src="images/9.jpg" />
    <image src="images/10.jpg" />
    <image src="images/11.jpg" />
    <image src="images/12.jpg" />
    <image src="images/13.jpg" />
    <image src="images/14.jpg" />
    <image src="images/15.jpg" />
    <image src="images/16.jpg" />
    <image src="images/17.jpg" />
    <image src="images/18.jpg" />
    <image src="images/19.jpg" />
    <image src="images/20.jpg" />
    <image src="images/21.jpg" />
    <image src="images/22.jpg" />
    <image src="images/23.jpg" />
    <image src="images/24.jpg" />
  </images>
</config>