﻿<?xml version="1.0" encoding="utf-8"?>
<config>
  <settings>
    <preloader image="images/Filename_34.jpg?t=1583856306" />
    <userInterface showZoomButtons="true" showToolTips="true" showHotspotsButton="true" showFullScreenButton="false" showTogglePlayButton="true" showArrows="true" toolbarAlign="center" toolbarBackColor="transparent" toolbarHoverColor="#808285" toolbarForeColor="#A7A9AE" toolbarBackAlpha="0" toolbarAlpha="1" showProgressNumbers="true" showFullScreenToolbar="false" fullScreenBackColor="#FFFFFF" toolbarPosition="0" customCursorClass="default_cursor" viewerHint="" toolbarAutohide="false" skin="round"/>
    <control dragSpeed="0.13" doubleClickZooms="true" disableMouseControl="false" showHighresOnFullScreen="true" mouseHoverDrag="false" hideHotspotsOnLoad="false" hideHotspotsOnZoom="true" rowSensitivity="15" dragSensitivity="10" inBrowserFullScreen="false" doubleClickFullscreen="false" zoomSteps="1" zoomSpeed="400" singleClickZooms="true" pauseOnPreload="false" resumePreloadOnHover="false" mouseWheelDrag="true" mouseWheelDragZoomOnly="true" />
    <rotation firstImage="33" rotate="false" rotatePeriod="7" bounce="false" rotateDirection="-1" forceDirection="false" inertiaRelToDragSpeed="true" inertiaTimeToStop="700" inertiaMaxInterval="120" useInertia="true" flipHorizontalInput="false" flipVerticalInput="false" bounceRows="true" rowsOnSingleIndex="false" flipAxis="false" />
  </settings>
  <hotspots>
    <hotspot id="spot1" renderMode="0" indicatorImage="circ-cross-thick-green.svg" effects="pulseRipple,2000,1">
         <spotinfo txt="4 different types of hotspots, including full customization and APIs. Read more in our &lt;a href=&quot;https://webrotate360.s3.amazonaws.com/sites/webrotate360/downloads/Resources/Readme.pdf&quot; target=&quot;_blank&quot;&gt;guide&lt;/a&gt;." css="font-family:Verdana;font-size:11px;color:#333333;line-height:16px;width:180px;padding:15px 15px 18px 15px;border:1px solid #D9D9D9;border-radius:4px;background-color:rgba(249,249,249,0.94);" />
    </hotspot>
  </hotspots>
  <images rows="1" highresWidth="1614" highresHeight="839">
    <image src="images/1.jpg?t=1583856306">
      <hotspot source="spot1" offsetX="172" offsetY="251" />
      <highres src="images/highres/Filename_01.jpg?t=1583856306" />
    </image>
    <image src="images/2.jpg?t=1583856306">
      <hotspot source="spot1" offsetX="162" offsetY="239" />
      <highres src="images/highres/Filename_02.jpg?t=1583856306" />
    </image>
    <image src="images/3.jpg?t=1583856306">
      <hotspot source="spot1" offsetX="162" offsetY="226" />
      <highres src="images/highres/Filename_03.jpg?t=1583856306" />
    </image>
    <image src="images/4.jpg?t=1583856306">
      <hotspot source="spot1" offsetX="170" offsetY="213" />
      <highres src="images/highres/Filename_04.jpg?t=1583856306" />
    </image>
    <image src="images/5.jpg?t=1583856306">
      <hotspot source="spot1" offsetX="190" offsetY="199" />
      <highres src="images/highres/Filename_05.jpg?t=1583856306" />
    </image>
    <image src="images/6.jpg?t=1583856306">
      <hotspot source="spot1" offsetX="219" offsetY="188" />
      <highres src="images/highres/Filename_06.jpg?t=1583856306" />
    </image>
    <image src="images/7.jpg?t=1583856306">
      <hotspot source="spot1" offsetX="249" offsetY="180" />
      <highres src="images/highres/Filename_07.jpg?t=1583856306" />
    </image>
    <image src="images/8.jpg?t=1583856306">
      <hotspot source="spot1" offsetX="287" offsetY="171" />
      <highres src="images/highres/Filename_08.jpg?t=1583856306" />
    </image>
    <image src="images/9.jpg?t=1583856306">
      <highres src="images/highres/Filename_09.jpg?t=1583856306" />
    </image>
    <image src="images/10.jpg?t=1583856306">
      <highres src="images/highres/Filename_10.jpg?t=1583856306" />
    </image>
    <image src="images/11.jpg?t=1583856306">
      <highres src="images/highres/Filename_11.jpg?t=1583856306" />
    </image>
    <image src="images/12.jpg?t=1583856306">
      <highres src="images/highres/Filename_12.jpg?t=1583856306" />
    </image>
    <image src="images/13.jpg?t=1583856306">
      <highres src="images/highres/Filename_13.jpg?t=1583856306" />
    </image>
    <image src="images/14.jpg?t=1583856306">
      <highres src="images/highres/Filename_14.jpg?t=1583856306" />
    </image>
    <image src="images/15.jpg?t=1583856306">
      <highres src="images/highres/Filename_15.jpg?t=1583856306" />
    </image>
    <image src="images/16.jpg?t=1583856306">
      <highres src="images/highres/Filename_16.jpg?t=1583856306" />
    </image>
    <image src="images/17.jpg?t=1583856306">
      <highres src="images/highres/Filename_17.jpg?t=1583856306" />
    </image>
    <image src="images/18.jpg?t=1583856306">
      <highres src="images/highres/Filename_18.jpg?t=1583856306" />
    </image>
    <image src="images/19.jpg?t=1583856306">
      <highres src="images/highres/Filename_19.jpg?t=1583856306" />
    </image>
    <image src="images/20.jpg?t=1583856306">
      <highres src="images/highres/Filename_20.jpg?t=1583856306" />
    </image>
    <image src="images/21.jpg?t=1583856306">
      <highres src="images/highres/Filename_21.jpg?t=1583856306" />
    </image>
    <image src="images/22.jpg?t=1583856306">
      <highres src="images/highres/Filename_22.jpg?t=1583856306" />
    </image>
    <image src="images/23.jpg?t=1583856306">
      <highres src="images/highres/Filename_23.jpg?t=1583856306" />
    </image>
    <image src="images/24.jpg?t=1583856306">
      <highres src="images/highres/Filename_24.jpg?t=1583856306" />
    </image>
    <image src="images/Filename_26.jpg?t=1583856306">
      <hotspot source="spot1" offsetX="687" offsetY="295" />
      <highres src="images/highres/Filename_26.jpg?t=1583856306" />
    </image>
    <image src="images/Filename_27.jpg?t=1583856306">
      <hotspot source="spot1" offsetX="637" offsetY="301" />
      <highres src="images/highres/Filename_27.jpg?t=1583856306" />
    </image>
    <image src="images/Filename_28.jpg?t=1583856306">
      <hotspot source="spot1" offsetX="583" offsetY="306" />
      <highres src="images/highres/Filename_28.jpg?t=1583856306" />
    </image>
    <image src="images/Filename_29.jpg?t=1583856306">
      <hotspot source="spot1" offsetX="525" offsetY="307" />
      <highres src="images/highres/Filename_29.jpg?t=1583856306" />
    </image>
    <image src="images/Filename_30.jpg?t=1583856306">
      <hotspot source="spot1" offsetX="466" offsetY="307" />
      <highres src="images/highres/Filename_30.jpg?t=1583856306" />
    </image>
    <image src="images/Filename_31.jpg?t=1583856306">
      <hotspot source="spot1" offsetX="408" offsetY="307" />
      <highres src="images/highres/Filename_31.jpg?t=1583856306" />
    </image>
    <image src="images/Filename_32.jpg?t=1583856306">
      <hotspot source="spot1" offsetX="349" offsetY="302" />
      <highres src="images/highres/Filename_32.jpg?t=1583856306" />
    </image>
    <image src="images/Filename_33.jpg?t=1583856306">
      <hotspot source="spot1" offsetX="301" offsetY="296" />
      <highres src="images/highres/Filename_33.jpg?t=1583856306" />
    </image>
    <image src="images/Filename_34.jpg?t=1583856306">
      <hotspot source="spot1" offsetX="255" offsetY="287" />
      <highres src="images/highres/Filename_34.jpg?t=1583856306" />
    </image>
    <image src="images/Filename_35.jpg?t=1583856306">
      <hotspot source="spot1" offsetX="220" offsetY="277" />
      <highres src="images/highres/Filename_35.jpg?t=1583856306" />
    </image>
    <image src="images/Filename_36.jpg?t=1583856306">
      <hotspot source="spot1" offsetX="190" offsetY="264" />
      <highres src="images/highres/Filename_36.jpg?t=1583856306" />
    </image>
  </images>
</config>